project_id,location,source
p_anjuman_school_teynampet_chennai_ksm_arc_1034548,Chennai  India,scrape
p_architecture_museum_xinyi_street_of_cora_1034714,Tainan  Taiwan,scrape
p_as_above_so_below_khaa_kuo_huang_and_ass_1035348,Xihu  Taiwan,scrape
p_as_salam_mosque_archeground_ltd_1030739,Ramgati Upazila  Bangladesh,scrape
p_atipografia_threshold_and_treasure_galle_993445,Arzignano  Italy,scrape
p_barrancos_mortuary_mesa_atelier_1033276,Barrancos  Portugal,scrape
p_basilica_di_massenzio_exhibition_pathway_1035088,Roma  Italy,scrape
p_beijing_751_library_do_union_architectur_1020683,Beijing  China,scrape
p_beijing_gaoliying_kindergarten_mat_offic_1033822,Beijing  China,scrape
p_beijing_sub_center_library_sn_hetta_1024024,Tongzhou  China,scrape
p_bloomberg_student_center_big_rockwell_gr_1035127,Baltimore  United States,scrape
p_brixen_public_library_carlana_mezzalira_1026833,Brixen  Italy,scrape
p_calder_gardens_museum_herzog_de_meuron_1034362,Philadelphia  United States,scrape
p_center_for_intangible_cultural_heritage_1035396,Gwangmyeong-si  South Korea,scrape
p_charlotte_william_bloomberg_medford_publ_987376,Medford  United States,scrape
p_chazal_school_renovation_and_playground_1035078,Schaerbeek  Belgium,scrape
p_chieng_ban_kindergarten_1_1_2_architects_1034717,Thành phố Sơn La  Vietnam,scrape
p_china_national_convention_center_phase_i_1034910,Beijing  China,scrape
p_church_borderouge_studio_aqui_triptyque_1031762,Toulouse  France,scrape
p_church_of_joy_department_of_architecture_1026972,Khet Khlong Toei  Thailand,scrape
p_claremont_mckenna_college_robert_day_sci_1034623,Claremont  United States,scrape
p_codec_training_centre_kuakata_community_1034720,Kuakata  Bangladesh,scrape
p_collector_s_house_museum_atelier_data_1024946,Moncarapacho  Portugal,scrape
p_coonawarra_willam_aquatic_centre_ivanhoe_1035598,Victoria  Australia,scrape
p_cube_workshop_building_civic_architects_1034679,Enschede  The Netherlands,scrape
p_datta_vihara_shrine_karan_darda_architec_1029737,Pune  India,scrape
p_david_rubenstein_treehouse_harvard_unive_1035475,Boston  United States,scrape
p_devalera_library_and_suil_gallery_keith_1029820,Ennis  Ireland,scrape
p_diriyah_art_futures_contemporary_art_hub_1023785,Diriyah  Saudi Arabia,scrape
p_dom_turka_house_of_remembrance_tremend_1032509,Augustów  Poland,scrape
p_elementary_school_at_le_grand_lemps_fran_935357,Le Grand-Lemps  France,scrape
p_elisabeth_and_robert_badinter_elementary_1034682,Audenge  France,scrape
p_event_hall_l_agora_and_ernest_hemingway_1029943,Le Grau-du-Roi  France,scrape
p_far_rockaway_library_sn_hetta_1022953,Queens  United States,scrape
p_fenix_art_museum_mad_architects_1030328,Rotterdam  The Netherlands,scrape
p_flower_on_hillside_community_library_st_1027318,Nujiang  China,scrape
p_frihamnskyrkan_church_elding_oscarson_1025436,Gothenburg  Sweden,scrape
p_gabrielle_roy_library_saucier_perrotte_a_1028861,Quebec City  Canada,scrape
p_ganga_leheri_temple_abin_design_studio_1030472,Roychak  India,scrape
p_gersthof_model_school_renovation_and_con_1034672,Wien  Austria,scrape
p_gimle_4_student_housing_code_arkitektur_1034566,Oslo  Norway,scrape
p_grentschel_school_extension_ahaa_1034558,Lyss  Switzerland,scrape
p_h_jvangen_church_henning_larsen_espen_su_1031123,Skanderborg  Denmark,scrape
p_h_l_ne_carr_re_d_encausse_school_archi5_1035464,Marly  France,scrape
p_hadrovi_a_mosque_arhingin_enjering_1026861,Podgorica  Montenegro,scrape
p_hagen_house_nendeln_cukrowicz_nachbaur_a_1034624,Nendeln  Liechtenstein,scrape
p_haksanjae_private_library_and_residence_1032024,Gangneung-si  South Korea,scrape
p_haus_der_digitalisierung_tulln_kronaus_m_1022449,Tulln an der Donau  Austria,scrape
p_hiraya_pavilion_in_sapporo_ykaa_1035509,Sapporo  Japan,scrape
p_hortensia_herrero_art_center_erre_1013611,València  Spain,scrape
p_huanglong_mountain_zisha_mineral_source_1023799,Wu Xi  China,scrape
p_iljuk_presbyterian_church_oh_jongsang_1027121,South Korea,scrape
p_inglewood_bird_sanctuary_expansion_the_m_1035158,Calgary  Canada,scrape
p_intervention_of_the_yulin_courtyard_hous_1021229,Yulin  China,scrape
p_irrawaddy_flower_garden_classroom_buildi_1035116,Mae Sot  Thailand,scrape
p_ixcampus_design_school_same_architectes_1035289,Saint-Germain-en-Laye  France,scrape
p_james_baldwin_media_library_and_refugee_1030349,Paris  France,scrape
p_judicial_morgue_for_the_city_of_ver_ofic_1030759,Santa Fe de la Vera Cruz  Argentina,scrape
p_jules_verne_school_barr_lambot_architect_1035346,Montaigu-Vendée  France,scrape
p_kampung_mrican_phase_1_and_microlibrary_1031619,Yogyakarta  Indonesia,scrape
p_kiihtelysvaara_church_luo_architects_1030415,Kiihtelysvaara  Finland,scrape
p_kushtia_neighborhood_mosque_ahsan_habib_1025782,Kushtia  Bangladesh,scrape
p_la_source_third_place_library_nas_archit_1031808,Rochefort-du-Gard  France,scrape
p_leiden_university_lecture_hall_civic_arc_1034678,Leiden  The Netherlands,scrape
p_leisure_center_jules_ferry_school_group_1035333,Cébazat  France,scrape
p_library_of_chongqing_electric_power_coll_1023695,Tong Nan  China,scrape
p_living_places_copenhagen_effekt_1018529,Copenhagen  Denmark,scrape
p_long_march_cultural_digital_art_museum_c_1022354,Gui Yang Shi  China,scrape
p_louis_saint_laurent_school_stgm_architec_1026167,Canada,scrape
p_m_sironi_academy_of_fine_arts_lerua_stud_1034676,Sassari  Italy,scrape
p_majlis_the_manama_wind_catchers_pavilion_1034852,Venezia  Italy,scrape
p_mengzi_nsau_bookstore_of_librairie_avant_1029258,Mengzi  China,scrape
p_mirage_in_yumeshima_pondedge_f_a_r_m_1035126,Osaka  Japan,scrape
p_modern_history_of_christianity_museum_ko_1028005,South Korea,scrape
p_modern_mongolian_ger_installation_ger_at_1032499,Chifeng  China,scrape
p_moon_pavilion_atelier_guo_1034543,Huizhou  China,scrape
p_mumo_museum_of_motorcycles_draa_1030778,Puerto Octay  Chile,scrape
p_munarra_centre_for_regional_excellence_a_1035026,Shepparton  Australia,scrape
p_museum_bezau_innauer_matt_architekten_1031766,Bezau  Austria,scrape
p_nara_church_arkpro_studio_albania_1027588,Albania,scrape
p_neighborhood_center_augustin_nbundm_1034673,Ingolstadt  Germany,scrape
p_new_apostolic_church_bez_kock_architekte_1027905,Germany,scrape
p_new_churches_st_luke_st_matthew_meixner_1027333,Germany,scrape
p_new_taipei_city_art_museum_kris_yao_arte_1023080,New Taipei  Taiwan,scrape
p_nhm_commons_museum_wing_and_community_hu_1023820,Los Angeles  United States,scrape
p_no_7_ceramic_art_research_base_phase_one_1022020,Fo Shan  China,scrape
p_north_boulder_library_workac_1030123,Boulder  United States,scrape
p_nujiang_grand_canyon_bookstore_of_librai_1022326,Nujiang Lisu Autonomous Prefecture  China,scrape
p_oman_across_ages_museum_cox_architecture_1024366,Nizwa  Oman,scrape
p_pan_orama_pavilion_associates_architectu_1035385,Rome  Italy,scrape
p_paris_fondation_cartier_for_contemporary_1035305,Paris  France,scrape
p_pietro_maria_bardi_masp_building_metro_a_1026123,São Paulo  Brazil,scrape
p_pina_contempor_nea_museum_arquitetos_ass_1014137,São Paulo  Brazil,scrape
p_powerhouse_castle_hill_lahznimmo_archite_1014130,Castle Hill  Australia,scrape
p_rahmah_library_the_maak_1033750,Cape Town  South Africa,scrape
p_recreation_center_morel_de_vind_sch_maa_956856,La Celle-Saint-Cloud  France,scrape
p_reinterpretation_of_national_museum_of_p_1032587,Taitung  Taiwan,scrape
p_renovation_and_expansion_of_shenzhen_lon_1027926,Shenzhen  China,scrape
p_renovation_expansion_of_sichuan_universi_1031606,Chengdu  China,scrape
p_resting_chapel_jung_architekti_1025027,Dolní Bojanovice,scrape
p_restoration_and_enhancement_of_the_patri_1034427,Lisboa  Portugal,scrape
p_restoration_of_sant_esteve_church_santam_1032564,Marganell  Spain,scrape
p_retrofit_of_santa_maria_school_carvalho_1034261,São Paulo  Brazil,scrape
p_sailing_castle_ren_ai_cheng_tsung_feng_d_1035634,Taipei  Taiwan,scrape
p_salem_public_library_renovation_hacker_a_1024470,Salem  United States,scrape
p_sanctuary_tunnel_garden_rad_ar_research_1027508,Indonesia,scrape
p_seoul_robot_ai_museum_melike_alt_n_k_arc_1022554,Seoul  South Korea,scrape
p_shafagh_tomb_35_51_architecture_office_1029019,Ardakan  Iran,scrape
p_shenzhen_science_and_technology_museum_z_1029762,Shenzhen  China,scrape
p_shonan_institute_of_technology_high_scho_1024901,Kanagawa  Japan,scrape
p_smvit_library_cadence_architects_1034143,India,scrape
p_sona_university_centre_library_block_imk_1024858,Salem  India,scrape
p_songzhuang_z_museum_team_bldg_1030268,Lishui  China,scrape
p_south_east_centre_for_contemporary_art_s_1035115,Bega  Australia,scrape
p_st_louis_symphony_orchestra_s_powell_hal_1034813,St. Louis  United States,scrape
p_stasys_museum_implmnt_architects_1023136,Panevėžys  Lithuania,scrape
p_suite_9_at_delft_university_of_technolog_1034579,Delft  The Netherlands,scrape
p_tcdd_temporary_offices_art_galleries_erh_1035027,Türkiye,scrape
p_temple_complex_and_community_center_nard_1034500,Gandhinagar  India,scrape
p_the_chapel_berger_parkkinen_architects_1034229,Austria,scrape
p_the_chapel_of_st_th_r_se_of_lisieux_bull_1034833,Lyttelton  New Zealand,scrape
p_the_chapel_retold_the_danish_association_1034479,Copenhagen  Denmark,scrape
p_the_court_theatre_haworth_tompkins_1034663,Christchurch  New Zealand,scrape
p_the_et_302_memorial_alebel_desta_consult_1028581,Ethiopia,scrape
p_the_katy_museum_bbgk_architekci_1028620,Warszawa  Poland,scrape
p_the_school_of_social_development_studio_999512,Dedgaun  Nepal,scrape
p_thomas_sankara_mausoleum_kere_architectu_1030302,Ouagadougou  Burkina Faso,scrape
p_thoravej_29_pihlmann_architects_1034502,Copenhagen  Denmark,scrape
p_tianjin_zhongshuge_library_x_living_1022985,China,scrape
p_tile_chapel_jimenez_arquitectos_fb_estud_1026511,Ecuador,scrape
p_viking_fortress_borgring_experience_cent_1033647,Køge  Denmark,scrape
p_widna_haven_community_center_and_library_1031260,Gdynia  Poland,scrape
p_workshop_with_three_courtyards_opposite_1034403,Rosenheim  Germany,scrape
p_x_museum_studio_nor_1024371,Beijing  China,scrape
p_xiao_feng_art_museum_zao_zhang_ke_archit_1035415,Hangzhou  China,scrape
p_yellow_river_national_museum_building_an_1031402,Zhengzhou  China,scrape
p_yohoo_museum_aedas_1024957,Hangzhou  China,scrape
p_yue_yue_art_museum_equestrian_hall_cu_of_1030592,Yantai  China,scrape
p_yuyarina_pacha_community_library_al_bord_1025453,San Vicente de Huaticocha  Ecuador,scrape